date,PDRN,Ectoin,Exosome,PDRN_MA4,PDRN_WoW_pct,Ectoin_MA4,Ectoin_WoW_pct,Exosome_MA4,Exosome_WoW_pct
2021-09-12,0,0,5,0.0,,0.0,,5.0,
2021-09-19,0,0,5,0.0,,0.0,,5.0,0.0
2021-09-26,0,0,3,0.0,,0.0,,4.333333333333333,-40.0
2021-10-03,0,0,5,0.0,,0.0,,4.5,66.66666666666667
2021-10-10,0,0,3,0.0,,0.0,,4.0,-40.0
2021-10-17,0,0,3,0.0,,0.0,,3.5,0.0
2021-10-24,0,0,4,0.0,,0.0,,3.75,33.33333333333333
2021-10-31,0,0,4,0.0,,0.0,,3.5,0.0
2021-11-07,0,0,4,0.0,,0.0,,3.75,0.0
2021-11-14,0,0,4,0.0,,0.0,,4.0,0.0
2021-11-21,0,0,3,0.0,,0.0,,3.75,-25.0
2021-11-28,0,0,5,0.0,,0.0,,4.0,66.66666666666667
2021-12-05,0,0,5,0.0,,0.0,,4.25,0.0
2021-12-12,0,0,3,0.0,,0.0,,4.0,-40.0
2021-12-19,0,0,3,0.0,,0.0,,4.0,0.0
2021-12-26,0,0,2,0.0,,0.0,,3.25,-33.333333333333336
2022-01-02,0,0,3,0.0,,0.0,,2.75,50.0
2022-01-09,0,0,5,0.0,,0.0,,3.25,66.66666666666667
2022-01-16,0,0,4,0.0,,0.0,,3.5,-19.999999999999996
2022-01-23,0,0,6,0.0,,0.0,,4.5,50.0
2022-01-30,0,0,5,0.0,,0.0,,5.0,-16.666666666666664
2022-02-06,0,0,7,0.0,,0.0,,5.5,39.99999999999999
2022-02-13,0,4,6,0.0,,1.0,,6.0,-14.28571428571429
2022-02-20,0,0,6,0.0,,1.0,-100.0,6.0,0.0
2022-02-27,0,0,5,0.0,,1.0,,6.0,-16.666666666666664
2022-03-06,0,0,6,0.0,,1.0,,5.75,19.999999999999996
2022-03-13,0,0,4,0.0,,0.0,,5.25,-33.333333333333336
2022-03-20,0,0,6,0.0,,0.0,,5.25,50.0
2022-03-27,0,0,5,0.0,,0.0,,5.25,-16.666666666666664
2022-04-03,0,0,5,0.0,,0.0,,5.0,0.0
2022-04-10,0,0,6,0.0,,0.0,,5.5,19.999999999999996
2022-04-17,0,0,5,0.0,,0.0,,5.25,-16.666666666666664
2022-04-24,0,0,6,0.0,,0.0,,5.5,19.999999999999996
2022-05-01,0,0,6,0.0,,0.0,,5.75,0.0
2022-05-08,0,0,5,0.0,,0.0,,5.5,-16.666666666666664
2022-05-15,0,0,5,0.0,,0.0,,5.5,0.0
2022-05-22,0,0,6,0.0,,0.0,,5.5,19.999999999999996
2022-05-29,0,0,3,0.0,,0.0,,4.75,-50.0
2022-06-05,0,0,5,0.0,,0.0,,4.75,66.66666666666667
2022-06-12,0,0,5,0.0,,0.0,,4.75,0.0
2022-06-19,0,0,5,0.0,,0.0,,4.5,0.0
2022-06-26,0,0,5,0.0,,0.0,,5.0,0.0
2022-07-03,0,0,5,0.0,,0.0,,5.0,0.0
2022-07-10,0,0,7,0.0,,0.0,,5.5,39.99999999999999
2022-07-17,0,0,5,0.0,,0.0,,5.5,-28.57142857142857
2022-07-24,0,0,5,0.0,,0.0,,5.5,0.0
2022-07-31,0,0,5,0.0,,0.0,,5.5,0.0
2022-08-07,0,0,5,0.0,,0.0,,5.0,0.0
2022-08-14,0,0,5,0.0,,0.0,,5.0,0.0
2022-08-21,0,0,5,0.0,,0.0,,5.0,0.0
2022-08-28,0,0,5,0.0,,0.0,,5.0,0.0
2022-09-04,0,0,4,0.0,,0.0,,4.75,-19.999999999999996
2022-09-11,0,0,6,0.0,,0.0,,5.0,50.0
2022-09-18,0,0,5,0.0,,0.0,,5.0,-16.666666666666664
2022-09-25,0,0,6,0.0,,0.0,,5.25,19.999999999999996
2022-10-02,0,0,5,0.0,,0.0,,5.5,-16.666666666666664
2022-10-09,0,0,5,0.0,,0.0,,5.25,0.0
2022-10-16,0,0,5,0.0,,0.0,,5.25,0.0
2022-10-23,0,0,5,0.0,,0.0,,5.0,0.0
2022-10-30,0,0,5,0.0,,0.0,,5.0,0.0
2022-11-06,0,0,5,0.0,,0.0,,5.0,0.0
2022-11-13,0,0,5,0.0,,0.0,,5.0,0.0
2022-11-20,0,0,4,0.0,,0.0,,4.75,-19.999999999999996
2022-11-27,0,0,6,0.0,,0.0,,5.0,50.0
2022-12-04,0,0,5,0.0,,0.0,,5.0,-16.666666666666664
2022-12-11,0,0,5,0.0,,0.0,,5.0,0.0
2022-12-18,0,0,4,0.0,,0.0,,5.0,-19.999999999999996
2022-12-25,0,0,3,0.0,,0.0,,4.25,-25.0
2023-01-01,0,0,4,0.0,,0.0,,4.0,33.33333333333333
2023-01-08,0,0,7,0.0,,0.0,,4.5,75.0
2023-01-15,0,0,7,0.0,,0.0,,5.25,0.0
2023-01-22,0,0,6,0.0,,0.0,,6.0,-14.28571428571429
2023-01-29,0,0,6,0.0,,0.0,,6.5,0.0
2023-02-05,0,0,7,0.0,,0.0,,6.5,16.666666666666675
2023-02-12,0,0,6,0.0,,0.0,,6.25,-14.28571428571429
2023-02-19,0,0,5,0.0,,0.0,,6.0,-16.666666666666664
2023-02-26,0,0,6,0.0,,0.0,,6.0,19.999999999999996
2023-03-05,0,0,7,0.0,,0.0,,6.0,16.666666666666675
2023-03-12,0,0,7,0.0,,0.0,,6.25,0.0
2023-03-19,0,0,6,0.0,,0.0,,6.5,-14.28571428571429
2023-03-26,0,0,5,0.0,,0.0,,6.25,-16.666666666666664
2023-04-02,0,0,6,0.0,,0.0,,6.0,19.999999999999996
2023-04-09,0,0,6,0.0,,0.0,,5.75,0.0
2023-04-16,0,0,6,0.0,,0.0,,5.75,0.0
2023-04-23,0,0,6,0.0,,0.0,,6.0,0.0
2023-04-30,0,0,6,0.0,,0.0,,6.0,0.0
2023-05-07,0,0,7,0.0,,0.0,,6.25,16.666666666666675
2023-05-14,0,0,5,0.0,,0.0,,6.0,-28.57142857142857
2023-05-21,0,0,6,0.0,,0.0,,6.0,19.999999999999996
2023-05-28,0,0,5,0.0,,0.0,,5.75,-16.666666666666664
2023-06-04,0,0,6,0.0,,0.0,,5.5,19.999999999999996
2023-06-11,0,0,6,0.0,,0.0,,5.75,0.0
2023-06-18,0,0,7,0.0,,0.0,,6.0,16.666666666666675
2023-06-25,0,0,6,0.0,,0.0,,6.25,-14.28571428571429
2023-07-02,0,0,5,0.0,,0.0,,6.0,-16.666666666666664
2023-07-09,0,0,7,0.0,,0.0,,6.25,39.99999999999999
2023-07-16,0,0,6,0.0,,0.0,,6.0,-14.28571428571429
2023-07-23,0,0,7,0.0,,0.0,,6.25,16.666666666666675
2023-07-30,0,6,7,0.0,,1.5,,6.75,0.0
2023-08-06,0,0,7,0.0,,1.5,-100.0,6.75,0.0
2023-08-13,0,0,7,0.0,,1.5,,7.0,0.0
2023-08-20,0,0,7,0.0,,1.5,,7.0,0.0
2023-08-27,0,0,6,0.0,,0.0,,6.75,-14.28571428571429
2023-09-03,0,0,6,0.0,,0.0,,6.5,0.0
2023-09-10,0,0,7,0.0,,0.0,,6.5,16.666666666666675
2023-09-17,0,0,6,0.0,,0.0,,6.25,-14.28571428571429
2023-09-24,0,0,6,0.0,,0.0,,6.25,0.0
2023-10-01,0,0,6,0.0,,0.0,,6.25,0.0
2023-10-08,0,0,7,0.0,,0.0,,6.25,16.666666666666675
2023-10-15,0,0,7,0.0,,0.0,,6.5,0.0
2023-10-22,0,0,6,0.0,,0.0,,6.5,-14.28571428571429
2023-10-29,0,0,7,0.0,,0.0,,6.75,16.666666666666675
2023-11-05,0,0,6,0.0,,0.0,,6.5,-14.28571428571429
2023-11-12,0,0,8,0.0,,0.0,,6.75,33.33333333333333
2023-11-19,0,0,5,0.0,,0.0,,6.5,-37.5
2023-11-26,0,0,5,0.0,,0.0,,6.0,0.0
2023-12-03,0,5,7,0.0,,1.25,,6.25,39.99999999999999
2023-12-10,0,5,5,0.0,,2.5,0.0,5.5,-28.57142857142857
2023-12-17,0,8,6,0.0,,4.5,60.00000000000001,5.75,19.999999999999996
2023-12-24,0,7,5,0.0,,6.25,-12.5,5.75,-16.666666666666664
2023-12-31,0,0,7,0.0,,5.0,-100.0,5.75,39.99999999999999
2024-01-07,0,5,8,0.0,,5.0,,6.5,14.28571428571428
2024-01-14,0,0,6,0.0,,3.0,-100.0,6.5,-25.0
2024-01-21,0,6,8,0.0,,2.75,,7.25,33.33333333333333
2024-01-28,0,7,9,0.0,,4.5,16.666666666666675,7.75,12.5
2024-02-04,0,0,7,0.0,,3.25,-100.0,7.5,-22.22222222222222
2024-02-11,0,5,7,0.0,,4.5,,7.75,0.0
2024-02-18,0,5,7,0.0,,4.25,0.0,7.5,0.0
2024-02-25,0,6,8,0.0,,4.0,19.999999999999996,7.25,14.28571428571428
2024-03-03,0,5,7,0.0,,5.25,-16.666666666666664,7.25,-12.5
2024-03-10,0,8,8,0.0,,6.0,60.00000000000001,7.5,14.28571428571428
2024-03-17,0,6,8,0.0,,6.25,-25.0,7.75,0.0
2024-03-24,0,0,8,0.0,,4.75,-100.0,7.75,0.0
2024-03-31,0,5,8,0.0,,4.75,,8.0,0.0
2024-04-07,0,0,7,0.0,,2.75,-100.0,7.75,-12.5
2024-04-14,1,0,7,0.25,,1.25,,7.5,0.0
2024-04-21,0,0,11,0.25,-100.0,1.25,,8.25,57.14285714285714
2024-04-28,1,0,7,0.5,,0.0,,8.0,-36.36363636363637
2024-05-05,1,0,8,0.75,0.0,0.0,,8.25,14.28571428571428
2024-05-12,1,6,8,0.75,0.0,1.5,,8.5,0.0
2024-05-19,0,0,8,0.75,-100.0,1.5,-100.0,7.75,0.0
2024-05-26,0,5,7,0.5,,2.75,,7.75,-12.5
2024-06-02,1,5,7,0.5,,4.0,0.0,7.5,0.0
2024-06-09,1,0,8,0.5,0.0,2.5,-100.0,7.5,14.28571428571428
2024-06-16,0,0,9,0.5,-100.0,2.5,,7.75,12.5
2024-06-23,1,0,9,0.75,,1.25,,8.25,0.0
2024-06-30,1,0,7,0.75,0.0,0.0,,8.25,-22.22222222222222
2024-07-07,1,0,8,0.75,0.0,0.0,,8.25,14.28571428571428
2024-07-14,1,0,9,1.0,0.0,0.0,,8.25,12.5
2024-07-21,1,7,10,1.0,0.0,1.75,,8.5,11.111111111111116
2024-07-28,1,0,10,1.0,0.0,1.75,-100.0,9.25,0.0
2024-08-04,1,5,8,1.0,0.0,3.0,,9.25,-19.999999999999996
2024-08-11,1,0,9,1.0,0.0,3.0,-100.0,9.25,12.5
2024-08-18,1,6,11,1.0,0.0,2.75,,9.5,22.222222222222232
2024-08-25,1,0,10,1.0,0.0,2.75,-100.0,9.5,-9.090909090909093
2024-09-01,1,5,9,1.0,0.0,2.75,,9.75,-9.999999999999998
2024-09-08,1,0,11,1.0,0.0,2.75,-100.0,10.25,22.222222222222232
2024-09-15,1,5,11,1.0,0.0,2.5,,10.25,0.0
2024-09-22,1,0,12,1.0,0.0,2.5,-100.0,10.75,9.090909090909083
2024-09-29,1,6,10,1.0,0.0,2.75,,11.0,-16.666666666666664
2024-10-06,1,7,10,1.0,0.0,4.5,16.666666666666675,10.75,0.0
2024-10-13,1,8,10,1.0,0.0,5.25,14.28571428571428,10.5,0.0
2024-10-20,1,5,9,1.0,0.0,6.5,-37.5,9.75,-9.999999999999998
2024-10-27,1,8,11,1.0,0.0,7.0,60.00000000000001,10.0,22.222222222222232
2024-11-03,1,0,10,1.0,0.0,5.25,-100.0,10.0,-9.090909090909093
2024-11-10,2,0,11,1.25,100.0,3.25,,10.25,10.000000000000009
2024-11-17,2,0,12,1.5,0.0,2.0,,11.0,9.090909090909083
2024-11-24,3,0,12,2.0,50.0,0.0,,11.25,0.0
2024-12-01,2,0,12,2.25,-33.333333333333336,0.0,,11.75,0.0
2024-12-08,2,7,11,2.25,0.0,1.75,,11.75,-8.333333333333337
2024-12-15,2,7,12,2.25,0.0,3.5,0.0,11.75,9.090909090909083
2024-12-22,2,6,10,2.0,0.0,5.0,-14.28571428571429,11.25,-16.666666666666664
2024-12-29,3,6,11,2.25,50.0,6.5,0.0,11.0,10.000000000000009
2025-01-05,2,8,13,2.25,-33.333333333333336,6.75,33.33333333333333,11.5,18.181818181818187
2025-01-12,2,10,12,2.25,0.0,7.5,25.0,11.5,-7.692307692307687
2025-01-19,3,11,12,2.5,50.0,8.75,10.000000000000009,12.0,0.0
2025-01-26,2,8,12,2.25,-33.333333333333336,9.25,-27.27272727272727,12.25,0.0
2025-02-02,3,9,13,2.5,50.0,9.5,12.5,12.25,8.333333333333325
2025-02-09,3,11,13,2.75,0.0,9.75,22.222222222222232,12.5,0.0
2025-02-16,2,14,14,2.5,-33.333333333333336,10.5,27.27272727272727,13.0,7.692307692307687
2025-02-23,3,10,14,2.75,50.0,11.0,-28.57142857142857,13.5,0.0
2025-03-02,3,8,15,2.75,0.0,10.75,-19.999999999999996,14.0,7.14285714285714
2025-03-09,3,6,13,2.75,0.0,9.5,-25.0,14.0,-13.33333333333333
2025-03-16,3,15,17,3.0,0.0,9.75,150.0,14.75,30.76923076923077
2025-03-23,5,14,17,3.5,66.66666666666667,10.75,-6.666666666666665,15.5,0.0
2025-03-30,5,18,18,4.0,0.0,13.25,28.57142857142858,16.25,5.882352941176472
2025-04-06,5,16,16,4.5,0.0,15.75,-11.111111111111116,17.0,-11.111111111111116
2025-04-13,7,14,16,5.5,39.99999999999999,15.5,-12.5,16.75,0.0
2025-04-20,6,14,17,5.75,-14.28571428571429,15.5,0.0,16.75,6.25
2025-04-27,5,0,15,5.75,-16.666666666666664,11.0,-100.0,16.0,-11.764705882352944
2025-05-04,6,7,15,6.0,19.999999999999996,8.75,,15.75,0.0
2025-05-11,6,10,17,5.75,0.0,7.75,42.85714285714286,16.0,13.33333333333333
2025-05-18,6,6,15,5.75,0.0,5.75,-40.0,15.5,-11.764705882352944
2025-05-25,7,8,16,6.25,16.666666666666675,7.75,33.33333333333333,15.75,6.666666666666665
2025-06-01,7,8,21,6.5,0.0,8.0,0.0,17.25,31.25
2025-06-08,7,13,22,6.75,0.0,8.75,62.5,18.5,4.761904761904767
2025-06-15,8,14,19,7.25,14.28571428571428,10.75,7.692307692307687,19.5,-13.636363636363635
2025-06-22,7,11,22,7.25,-12.5,11.5,-21.42857142857143,21.0,15.789473684210531
2025-06-29,8,9,18,7.5,14.28571428571428,11.75,-18.181818181818176,20.25,-18.181818181818176
2025-07-06,12,13,20,8.75,50.0,11.75,44.44444444444444,19.75,11.111111111111116
2025-07-13,11,11,26,9.5,-8.333333333333337,11.0,-15.384615384615385,21.5,30.000000000000004
2025-07-20,13,11,36,11.0,18.181818181818187,11.0,0.0,25.0,38.46153846153846
2025-07-27,15,16,57,12.75,15.384615384615374,12.75,45.45454545454546,34.75,58.33333333333333
2025-08-03,11,15,27,12.5,-26.66666666666667,13.25,-6.25,36.5,-52.63157894736843
2025-08-10,10,12,24,12.25,-9.090909090909093,13.5,-19.999999999999996,36.0,-11.111111111111116
2025-08-17,10,12,19,11.5,0.0,13.75,0.0,31.75,-20.833333333333336
2025-08-24,9,12,21,10.0,-9.999999999999998,12.75,0.0,22.75,10.526315789473696
2025-08-31,9,13,22,9.5,0.0,12.25,8.333333333333325,21.5,4.761904761904767
2025-09-07,7,26,18,8.75,-22.22222222222222,15.75,100.0,20.0,-18.181818181818176
2025-09-14,8,16,19,8.25,14.28571428571428,16.75,-38.46153846153846,20.0,5.555555555555558
2025-09-21,8,21,22,8.0,0.0,19.0,31.25,20.25,15.789473684210531
2025-09-28,9,13,25,8.0,12.5,19.0,-38.095238095238095,21.0,13.636363636363647
2025-10-05,13,15,20,9.5,44.44444444444444,16.25,15.384615384615374,21.5,-19.999999999999996
2025-10-12,10,15,19,10.0,-23.076923076923073,16.0,0.0,21.5,-5.000000000000004
2025-10-19,10,20,23,10.5,0.0,15.75,33.33333333333333,21.75,21.052631578947366
2025-10-26,11,17,24,11.0,10.000000000000009,16.75,-15.000000000000002,21.5,4.347826086956519
2025-11-02,14,28,31,11.25,27.27272727272727,20.0,64.70588235294117,24.25,29.166666666666675
2025-11-09,15,25,32,12.5,7.14285714285714,22.5,-10.71428571428571,27.5,3.2258064516129004
2025-11-16,18,27,34,14.5,19.999999999999996,24.25,8.000000000000007,30.25,6.25
2025-11-23,23,23,40,17.5,27.777777777777768,25.75,-14.814814814814813,34.25,17.647058823529417
2025-11-30,20,20,35,19.0,-13.043478260869568,23.75,-13.043478260869568,35.25,-12.5
2025-12-07,18,26,33,19.75,-9.999999999999998,24.0,30.000000000000004,35.5,-5.714285714285716
2025-12-14,17,18,32,19.5,-5.555555555555558,21.75,-30.76923076923077,35.0,-3.0303030303030276
2025-12-21,19,24,32,18.5,11.764705882352944,22.0,33.33333333333333,33.0,0.0
2025-12-28,24,25,29,19.5,26.315789473684205,23.25,4.166666666666674,31.5,-9.375
2026-01-04,22,25,31,20.5,-8.333333333333337,23.0,0.0,31.0,6.896551724137923
2026-01-11,20,22,31,21.25,-9.090909090909093,24.0,-12.0,30.75,0.0
2026-01-18,23,24,36,22.25,14.999999999999991,24.0,9.090909090909083,31.75,16.129032258064523
2026-01-25,23,33,35,22.0,0.0,26.0,37.5,33.25,-2.777777777777779
2026-02-01,21,26,41,21.75,-8.695652173913048,26.25,-21.212121212121215,35.75,17.14285714285715
2026-02-08,21,34,35,22.0,0.0,29.25,30.76923076923077,36.75,-14.634146341463417
2026-02-15,22,29,38,21.75,4.761904761904767,30.5,-14.70588235294118,37.25,8.571428571428562
2026-02-22,22,30,57,21.5,0.0,29.75,3.4482758620689724,42.75,50.0
2026-03-01,25,32,47,22.5,13.636363636363647,31.25,6.666666666666665,44.25,-17.543859649122805
2026-03-08,28,36,48,24.25,12.00000000000001,31.75,12.5,47.5,2.127659574468077
2026-03-15,32,42,55,26.75,14.28571428571428,35.0,16.666666666666675,51.75,14.583333333333325
2026-03-22,40,44,60,31.25,25.0,38.5,4.761904761904767,52.5,9.090909090909083
2026-03-29,64,73,86,41.0,60.00000000000001,48.75,65.90909090909092,62.25,43.333333333333336
2026-04-05,81,100,100,54.25,26.5625,64.75,36.98630136986301,75.25,16.279069767441868
2026-04-12,89,90,100,68.5,9.876543209876543,76.75,-9.999999999999998,86.5,0.0
2026-04-19,65,56,77,74.75,-26.96629213483146,79.75,-37.77777777777778,90.75,-23.0
2026-04-26,49,47,62,71.0,-24.615384615384617,73.25,-16.07142857142857,84.75,-19.480519480519476
2026-05-03,47,40,62,62.5,-4.081632653061229,58.25,-14.893617021276595,75.25,0.0
2026-05-10,64,65,73,56.25,36.170212765957444,52.0,62.5,68.5,17.741935483870975
2026-05-17,78,85,77,59.5,21.875,59.25,30.76923076923077,68.5,5.47945205479452
2026-05-24,61,60,61,62.5,-21.794871794871796,62.5,-29.411764705882348,68.25,-20.779220779220775
2026-05-31,54,60,58,64.25,-11.475409836065575,67.5,0.0,67.25,-4.918032786885251
2026-06-07,65,59,70,64.5,20.370370370370374,66.0,-1.6666666666666718,66.5,20.68965517241379
2026-06-14,68,55,72,62.0,4.615384615384621,58.5,-6.779661016949157,65.25,2.857142857142847
2026-06-21,100,56,75,71.75,47.058823529411775,57.5,1.8181818181818077,68.75,4.166666666666674
2026-06-28,47,41,50,70.0,-53.0,52.75,-26.785714285714292,66.75,-33.333333333333336
2026-07-05,40,38,46,63.75,-14.893617021276595,47.5,-7.317073170731703,60.75,-7.9999999999999964
2026-07-12,36,31,34,55.75,-9.999999999999998,41.5,-18.42105263157895,51.25,-26.086956521739136
2026-07-19,37,25,32,40.0,2.777777777777768,33.75,-19.354838709677423,40.5,-5.882352941176472
2026-07-26,34,20,24,36.75,-8.108108108108103,28.5,-19.999999999999996,34.0,-25.0
2026-08-02,34,24,23,35.25,0.0,25.0,19.999999999999996,28.25,-4.1666666666666625
2026-08-09,35,21,24,35.0,2.941176470588225,22.5,-12.5,25.75,4.347826086956519
2026-08-16,36,20,22,34.75,2.857142857142847,21.25,-4.761904761904767,23.25,-8.333333333333337
2026-08-23,36,20,20,35.25,0.0,21.25,0.0,22.25,-9.090909090909093
2026-08-30,34,13,19,35.25,-5.555555555555558,18.5,-35.0,21.25,-5.000000000000004
2026-09-06,34,14,17,35.0,0.0,16.75,7.692307692307687,19.5,-10.526315789473683
2026-09-13,41,17,17,36.25,20.58823529411764,16.0,21.42857142857142,18.25,0.0
